"LOCATION","INDICATOR","SUBJECT","MEASURE","FREQUENCY","TIME","Value","Flag Codes"
"OECD","QGDP","TOT","PC_CHGPP","A","1990",3.218349,
"OECD","QGDP","TOT","PC_CHGPP","A","1991",1.458993,
"OECD","QGDP","TOT","PC_CHGPP","A","1992",2.267658,
"OECD","QGDP","TOT","PC_CHGPP","A","1993",1.50324,
"OECD","QGDP","TOT","PC_CHGPP","A","1994",3.0402,
"OECD","QGDP","TOT","PC_CHGPP","A","1995",2.55059,
"OECD","QGDP","TOT","PC_CHGPP","A","1996",3.189028,
"OECD","QGDP","TOT","PC_CHGPP","A","1997",3.6433,
"OECD","QGDP","TOT","PC_CHGPP","A","1998",2.929334,
"OECD","QGDP","TOT","PC_CHGPP","A","1999",3.36592,
"OECD","QGDP","TOT","PC_CHGPP","A","2000",4.128546,
"OECD","QGDP","TOT","PC_CHGPP","A","2001",1.389673,
"OECD","QGDP","TOT","PC_CHGPP","A","2002",1.680332,
"OECD","QGDP","TOT","PC_CHGPP","A","2003",2.090021,
"OECD","QGDP","TOT","PC_CHGPP","A","2004",3.320703,
"OECD","QGDP","TOT","PC_CHGPP","A","2005",2.887423,
"OECD","QGDP","TOT","PC_CHGPP","A","2006",3.158054,
"OECD","QGDP","TOT","PC_CHGPP","A","2007",2.654611,
"OECD","QGDP","TOT","PC_CHGPP","A","2008",0.331058,
"OECD","QGDP","TOT","PC_CHGPP","A","2009",-3.403649,
"OECD","QGDP","TOT","PC_CHGPP","A","2010",3.022084,
"OECD","QGDP","TOT","PC_CHGPP","A","2011",2.040528,
"OECD","QGDP","TOT","PC_CHGPP","A","2012",1.347557,
"OECD","QGDP","TOT","PC_CHGPP","A","2013",1.557043,
"OECD","QGDP","TOT","PC_CHGPP","A","2014",2.188422,
"OECD","QGDP","TOT","PC_CHGPP","A","2015",2.569221,
"OECD","QGDP","TOT","PC_CHGPP","A","2016",1.85634,
"OECD","QGDP","TOT","PC_CHGPP","A","2017",2.645854,
"JPN","QGDP","TOT","PC_CHGPP","A","1990",5.572398,"E"
"JPN","QGDP","TOT","PC_CHGPP","A","1991",3.324341,"E"
"JPN","QGDP","TOT","PC_CHGPP","A","1992",0.819008,"E"
"JPN","QGDP","TOT","PC_CHGPP","A","1993",0.171063,"E"
"JPN","QGDP","TOT","PC_CHGPP","A","1994",0.8636,
"JPN","QGDP","TOT","PC_CHGPP","A","1995",2.742117,
"JPN","QGDP","TOT","PC_CHGPP","A","1996",3.100023,
"JPN","QGDP","TOT","PC_CHGPP","A","1997",1.076045,
"JPN","QGDP","TOT","PC_CHGPP","A","1998",-1.12841,
"JPN","QGDP","TOT","PC_CHGPP","A","1999",-0.251954,
"JPN","QGDP","TOT","PC_CHGPP","A","2000",2.779633,
"JPN","QGDP","TOT","PC_CHGPP","A","2001",0.406358,
"JPN","QGDP","TOT","PC_CHGPP","A","2002",0.117971,
"JPN","QGDP","TOT","PC_CHGPP","A","2003",1.52822,
"JPN","QGDP","TOT","PC_CHGPP","A","2004",2.204709,
"JPN","QGDP","TOT","PC_CHGPP","A","2005",1.662629,
"JPN","QGDP","TOT","PC_CHGPP","A","2006",1.419986,
"JPN","QGDP","TOT","PC_CHGPP","A","2007",1.654205,
"JPN","QGDP","TOT","PC_CHGPP","A","2008",-1.093521,
"JPN","QGDP","TOT","PC_CHGPP","A","2009",-5.416413,
"JPN","QGDP","TOT","PC_CHGPP","A","2010",4.191739,
"JPN","QGDP","TOT","PC_CHGPP","A","2011",-0.115442,
"JPN","QGDP","TOT","PC_CHGPP","A","2012",1.49511,
"JPN","QGDP","TOT","PC_CHGPP","A","2013",2.000268,
"JPN","QGDP","TOT","PC_CHGPP","A","2014",0.374739,
"JPN","QGDP","TOT","PC_CHGPP","A","2015",1.222921,
"JPN","QGDP","TOT","PC_CHGPP","A","2016",0.609074,
"JPN","QGDP","TOT","PC_CHGPP","A","2017",1.936121,
"KOR","QGDP","TOT","PC_CHGPP","A","1990",9.811232,
"KOR","QGDP","TOT","PC_CHGPP","A","1991",10.353978,
"KOR","QGDP","TOT","PC_CHGPP","A","1992",6.175462,
"KOR","QGDP","TOT","PC_CHGPP","A","1993",6.846808,
"KOR","QGDP","TOT","PC_CHGPP","A","1994",9.206121,
"KOR","QGDP","TOT","PC_CHGPP","A","1995",9.570587,
"KOR","QGDP","TOT","PC_CHGPP","A","1996",7.594526,
"KOR","QGDP","TOT","PC_CHGPP","A","1997",5.922171,
"KOR","QGDP","TOT","PC_CHGPP","A","1998",-5.471192,
"KOR","QGDP","TOT","PC_CHGPP","A","1999",11.308605,
"KOR","QGDP","TOT","PC_CHGPP","A","2000",8.924413,
"KOR","QGDP","TOT","PC_CHGPP","A","2001",4.8524,
"KOR","QGDP","TOT","PC_CHGPP","A","2002",7.725143,
"KOR","QGDP","TOT","PC_CHGPP","A","2003",3.147291,
"KOR","QGDP","TOT","PC_CHGPP","A","2004",5.197391,
"KOR","QGDP","TOT","PC_CHGPP","A","2005",4.308534,
"KOR","QGDP","TOT","PC_CHGPP","A","2006",5.264336,
"KOR","QGDP","TOT","PC_CHGPP","A","2007",5.799548,
"KOR","QGDP","TOT","PC_CHGPP","A","2008",3.012985,
"KOR","QGDP","TOT","PC_CHGPP","A","2009",0.792699,
"KOR","QGDP","TOT","PC_CHGPP","A","2010",6.804825,
"KOR","QGDP","TOT","PC_CHGPP","A","2011",3.685668,
"KOR","QGDP","TOT","PC_CHGPP","A","2012",2.402531,
"KOR","QGDP","TOT","PC_CHGPP","A","2013",3.164709,
"KOR","QGDP","TOT","PC_CHGPP","A","2014",3.202454,
"KOR","QGDP","TOT","PC_CHGPP","A","2015",2.809103,
"KOR","QGDP","TOT","PC_CHGPP","A","2016",2.946876,
"KOR","QGDP","TOT","PC_CHGPP","A","2017",3.159642,
"IDN","QGDP","TOT","PC_CHGPP","A","1991",8.927726,"E"
"IDN","QGDP","TOT","PC_CHGPP","A","1992",6.524118,"E"
"IDN","QGDP","TOT","PC_CHGPP","A","1993",7.955437,"E"
"IDN","QGDP","TOT","PC_CHGPP","A","1994",7.539969,"E"
"IDN","QGDP","TOT","PC_CHGPP","A","1995",8.220146,"E"
"IDN","QGDP","TOT","PC_CHGPP","A","1996",7.817992,"E"
"IDN","QGDP","TOT","PC_CHGPP","A","1997",4.699904,"E"
"IDN","QGDP","TOT","PC_CHGPP","A","1998",-13.126749,"E"
"IDN","QGDP","TOT","PC_CHGPP","A","1999",0.791153,"E"
"IDN","QGDP","TOT","PC_CHGPP","A","2000",4.920041,"E"
"IDN","QGDP","TOT","PC_CHGPP","A","2001",3.643466,"E"
"IDN","QGDP","TOT","PC_CHGPP","A","2002",4.499475,"E"
"IDN","QGDP","TOT","PC_CHGPP","A","2003",4.780369,"E"
"IDN","QGDP","TOT","PC_CHGPP","A","2004",5.030874,"E"
"IDN","QGDP","TOT","PC_CHGPP","A","2005",5.692571,"E"
"IDN","QGDP","TOT","PC_CHGPP","A","2006",5.500952,"E"
"IDN","QGDP","TOT","PC_CHGPP","A","2007",6.345022,"E"
"IDN","QGDP","TOT","PC_CHGPP","A","2008",6.013703,
"IDN","QGDP","TOT","PC_CHGPP","A","2009",4.701769,
"IDN","QGDP","TOT","PC_CHGPP","A","2010",6.377626,
"IDN","QGDP","TOT","PC_CHGPP","A","2011",6.169784,
"IDN","QGDP","TOT","PC_CHGPP","A","2012",6.030051,
"IDN","QGDP","TOT","PC_CHGPP","A","2013",5.557264,
"IDN","QGDP","TOT","PC_CHGPP","A","2014",5.006668,
"IDN","QGDP","TOT","PC_CHGPP","A","2015",4.876322,
"IDN","QGDP","TOT","PC_CHGPP","A","2016",5.033069,
"IDN","QGDP","TOT","PC_CHGPP","A","2017",5.067406,
"TUR","QGDP","TOT","PC_CHGPP","A","1999",-3.389305,
"TUR","QGDP","TOT","PC_CHGPP","A","2000",6.640061,
"TUR","QGDP","TOT","PC_CHGPP","A","2001",-5.962311,
"TUR","QGDP","TOT","PC_CHGPP","A","2002",6.430279,
"TUR","QGDP","TOT","PC_CHGPP","A","2003",5.608255,
"TUR","QGDP","TOT","PC_CHGPP","A","2004",9.644323,
"TUR","QGDP","TOT","PC_CHGPP","A","2005",9.009853,
"TUR","QGDP","TOT","PC_CHGPP","A","2006",7.109703,
"TUR","QGDP","TOT","PC_CHGPP","A","2007",5.030458,
"TUR","QGDP","TOT","PC_CHGPP","A","2008",0.845251,
"TUR","QGDP","TOT","PC_CHGPP","A","2009",-4.704466,
"TUR","QGDP","TOT","PC_CHGPP","A","2010",8.487372,
"TUR","QGDP","TOT","PC_CHGPP","A","2011",11.113496,
"TUR","QGDP","TOT","PC_CHGPP","A","2012",4.78994,
"TUR","QGDP","TOT","PC_CHGPP","A","2013",8.491309,
"TUR","QGDP","TOT","PC_CHGPP","A","2014",5.166691,
"TUR","QGDP","TOT","PC_CHGPP","A","2015",6.085887,
"TUR","QGDP","TOT","PC_CHGPP","A","2016",3.183832,
"TUR","QGDP","TOT","PC_CHGPP","A","2017",7.470867,
"ARG","QGDP","TOT","PC_CHGPP","A","1994",5.836201,
"ARG","QGDP","TOT","PC_CHGPP","A","1995",-2.84521,
"ARG","QGDP","TOT","PC_CHGPP","A","1996",5.52669,
"ARG","QGDP","TOT","PC_CHGPP","A","1997",8.111047,
"ARG","QGDP","TOT","PC_CHGPP","A","1998",3.850179,
"ARG","QGDP","TOT","PC_CHGPP","A","1999",-3.385457,
"ARG","QGDP","TOT","PC_CHGPP","A","2000",-0.788999,
"ARG","QGDP","TOT","PC_CHGPP","A","2001",-4.40884,
"ARG","QGDP","TOT","PC_CHGPP","A","2002",-10.894485,
"ARG","QGDP","TOT","PC_CHGPP","A","2003",8.837041,
"ARG","QGDP","TOT","PC_CHGPP","A","2004",9.029573,
"ARG","QGDP","TOT","PC_CHGPP","A","2005",8.85166,
"ARG","QGDP","TOT","PC_CHGPP","A","2006",8.047151,
"ARG","QGDP","TOT","PC_CHGPP","A","2007",9.007651,
"ARG","QGDP","TOT","PC_CHGPP","A","2008",4.057233,
"ARG","QGDP","TOT","PC_CHGPP","A","2009",-5.918525,
"ARG","QGDP","TOT","PC_CHGPP","A","2010",10.125398,
"ARG","QGDP","TOT","PC_CHGPP","A","2011",6.003952,
"ARG","QGDP","TOT","PC_CHGPP","A","2012",-1.02642,
"ARG","QGDP","TOT","PC_CHGPP","A","2013",2.405324,
"ARG","QGDP","TOT","PC_CHGPP","A","2014",-2.512615,
"ARG","QGDP","TOT","PC_CHGPP","A","2015",2.73116,
"ARG","QGDP","TOT","PC_CHGPP","A","2016",-2.080328,
"ARG","QGDP","TOT","PC_CHGPP","A","2017",2.66859,
"GBR","QGDP","TOT","PC_CHGPP","A","1990",0.739319,
"GBR","QGDP","TOT","PC_CHGPP","A","1991",-1.087899,
"GBR","QGDP","TOT","PC_CHGPP","A","1992",0.371026,
"GBR","QGDP","TOT","PC_CHGPP","A","1993",2.526347,
"GBR","QGDP","TOT","PC_CHGPP","A","1994",3.894959,
"GBR","QGDP","TOT","PC_CHGPP","A","1995",2.455304,
"GBR","QGDP","TOT","PC_CHGPP","A","1996",2.535266,
"GBR","QGDP","TOT","PC_CHGPP","A","1997",4.293075,
"GBR","QGDP","TOT","PC_CHGPP","A","1998",3.341279,
"GBR","QGDP","TOT","PC_CHGPP","A","1999",3.213786,
"GBR","QGDP","TOT","PC_CHGPP","A","2000",3.453463,
"GBR","QGDP","TOT","PC_CHGPP","A","2001",2.840765,
"GBR","QGDP","TOT","PC_CHGPP","A","2002",2.499727,
"GBR","QGDP","TOT","PC_CHGPP","A","2003",3.339456,
"GBR","QGDP","TOT","PC_CHGPP","A","2004",2.347792,
"GBR","QGDP","TOT","PC_CHGPP","A","2005",3.148724,
"GBR","QGDP","TOT","PC_CHGPP","A","2006",2.548078,
"GBR","QGDP","TOT","PC_CHGPP","A","2007",2.545501,
"GBR","QGDP","TOT","PC_CHGPP","A","2008",-0.345917,
"GBR","QGDP","TOT","PC_CHGPP","A","2009",-4.246552,
"GBR","QGDP","TOT","PC_CHGPP","A","2010",1.711206,
"GBR","QGDP","TOT","PC_CHGPP","A","2011",1.64477,
"GBR","QGDP","TOT","PC_CHGPP","A","2012",1.44706,
"GBR","QGDP","TOT","PC_CHGPP","A","2013",2.0463,
"GBR","QGDP","TOT","PC_CHGPP","A","2014",2.947562,
"GBR","QGDP","TOT","PC_CHGPP","A","2015",2.349123,
"GBR","QGDP","TOT","PC_CHGPP","A","2016",1.789289,
"GBR","QGDP","TOT","PC_CHGPP","A","2017",1.822928,
"AUS","QGDP","TOT","PC_CHGPP","A","1990",1.403001,
"AUS","QGDP","TOT","PC_CHGPP","A","1991",-1.335576,
"AUS","QGDP","TOT","PC_CHGPP","A","1992",2.987644,
"AUS","QGDP","TOT","PC_CHGPP","A","1993",4.091573,
"AUS","QGDP","TOT","PC_CHGPP","A","1994",4.737948,
"AUS","QGDP","TOT","PC_CHGPP","A","1995",3.071576,
"AUS","QGDP","TOT","PC_CHGPP","A","1996",4.050182,
"AUS","QGDP","TOT","PC_CHGPP","A","1997",4.165529,
"AUS","QGDP","TOT","PC_CHGPP","A","1998",4.992292,
"AUS","QGDP","TOT","PC_CHGPP","A","1999",4.202108,
"AUS","QGDP","TOT","PC_CHGPP","A","2000",3.321623,
"AUS","QGDP","TOT","PC_CHGPP","A","2001",2.687323,
"AUS","QGDP","TOT","PC_CHGPP","A","2002",3.998386,
"AUS","QGDP","TOT","PC_CHGPP","A","2003",2.902642,
"AUS","QGDP","TOT","PC_CHGPP","A","2004",3.959488,
"AUS","QGDP","TOT","PC_CHGPP","A","2005",3.064413,
"AUS","QGDP","TOT","PC_CHGPP","A","2006",2.759331,
"AUS","QGDP","TOT","PC_CHGPP","A","2007",4.425854,
"AUS","QGDP","TOT","PC_CHGPP","A","2008",2.54123,
"AUS","QGDP","TOT","PC_CHGPP","A","2009",1.891645,
"AUS","QGDP","TOT","PC_CHGPP","A","2010",2.445865,
"AUS","QGDP","TOT","PC_CHGPP","A","2011",2.726098,
"AUS","QGDP","TOT","PC_CHGPP","A","2012",3.917588,
"AUS","QGDP","TOT","PC_CHGPP","A","2013",2.162899,
"AUS","QGDP","TOT","PC_CHGPP","A","2014",2.592294,
"AUS","QGDP","TOT","PC_CHGPP","A","2015",2.460494,
"AUS","QGDP","TOT","PC_CHGPP","A","2016",2.775276,
"AUS","QGDP","TOT","PC_CHGPP","A","2017",2.464369,
"USA","QGDP","TOT","PC_CHGPP","A","1990",1.88596,
"USA","QGDP","TOT","PC_CHGPP","A","1991",-0.108262,
"USA","QGDP","TOT","PC_CHGPP","A","1992",3.522443,
"USA","QGDP","TOT","PC_CHGPP","A","1993",2.752852,
"USA","QGDP","TOT","PC_CHGPP","A","1994",4.028831,
"USA","QGDP","TOT","PC_CHGPP","A","1995",2.684285,
"USA","QGDP","TOT","PC_CHGPP","A","1996",3.772504,
"USA","QGDP","TOT","PC_CHGPP","A","1997",4.447221,
"USA","QGDP","TOT","PC_CHGPP","A","1998",4.481405,
"USA","QGDP","TOT","PC_CHGPP","A","1999",4.753238,
"USA","QGDP","TOT","PC_CHGPP","A","2000",4.127478,
"USA","QGDP","TOT","PC_CHGPP","A","2001",0.998347,
"USA","QGDP","TOT","PC_CHGPP","A","2002",1.741697,
"USA","QGDP","TOT","PC_CHGPP","A","2003",2.861203,
"USA","QGDP","TOT","PC_CHGPP","A","2004",3.798898,
"USA","QGDP","TOT","PC_CHGPP","A","2005",3.513208,
"USA","QGDP","TOT","PC_CHGPP","A","2006",2.854972,
"USA","QGDP","TOT","PC_CHGPP","A","2007",1.876176,
"USA","QGDP","TOT","PC_CHGPP","A","2008",-0.13658,
"USA","QGDP","TOT","PC_CHGPP","A","2009",-2.536759,
"USA","QGDP","TOT","PC_CHGPP","A","2010",2.563768,
"USA","QGDP","TOT","PC_CHGPP","A","2011",1.550834,
"USA","QGDP","TOT","PC_CHGPP","A","2012",2.249547,
"USA","QGDP","TOT","PC_CHGPP","A","2013",1.842081,
"USA","QGDP","TOT","PC_CHGPP","A","2014",2.525971,
"USA","QGDP","TOT","PC_CHGPP","A","2015",2.90802,
"USA","QGDP","TOT","PC_CHGPP","A","2016",1.637839,
"USA","QGDP","TOT","PC_CHGPP","A","2017",2.3698,
"IND","QGDP","TOT","PC_CHGPP","A","1998",5.978946,"E"
"IND","QGDP","TOT","PC_CHGPP","A","1999",6.915944,"E"
"IND","QGDP","TOT","PC_CHGPP","A","2000",5.692716,"E"
"IND","QGDP","TOT","PC_CHGPP","A","2001",3.884911,"E"
"IND","QGDP","TOT","PC_CHGPP","A","2002",4.558208,"E"
"IND","QGDP","TOT","PC_CHGPP","A","2003",6.851801,"E"
"IND","QGDP","TOT","PC_CHGPP","A","2004",7.897005,"E"
"IND","QGDP","TOT","PC_CHGPP","A","2005",9.210891,"E"
"IND","QGDP","TOT","PC_CHGPP","A","2006",9.392647,"E"
"IND","QGDP","TOT","PC_CHGPP","A","2007",10.077711,"E"
"IND","QGDP","TOT","PC_CHGPP","A","2008",6.186894,"E"
"IND","QGDP","TOT","PC_CHGPP","A","2009",5.037699,"E"
"IND","QGDP","TOT","PC_CHGPP","A","2010",10.997342,"E"
"IND","QGDP","TOT","PC_CHGPP","A","2011",7.871777,"E"
"IND","QGDP","TOT","PC_CHGPP","A","2012",4.92565,
"IND","QGDP","TOT","PC_CHGPP","A","2013",6.125915,
"IND","QGDP","TOT","PC_CHGPP","A","2014",6.96291,
"IND","QGDP","TOT","PC_CHGPP","A","2015",7.480051,
"IND","QGDP","TOT","PC_CHGPP","A","2016",8.707647,
"IND","QGDP","TOT","PC_CHGPP","A","2017",6.877379,
"ZAF","QGDP","TOT","PC_CHGPP","A","1990",-0.317761,"E"
"ZAF","QGDP","TOT","PC_CHGPP","A","1991",-1.018251,"E"
"ZAF","QGDP","TOT","PC_CHGPP","A","1992",-2.137039,"E"
"ZAF","QGDP","TOT","PC_CHGPP","A","1993",1.233545,"E"
"ZAF","QGDP","TOT","PC_CHGPP","A","1994",3.234105,"E"
"ZAF","QGDP","TOT","PC_CHGPP","A","1995",3.115677,"E"
"ZAF","QGDP","TOT","PC_CHGPP","A","1996",4.306698,"E"
"ZAF","QGDP","TOT","PC_CHGPP","A","1997",2.646818,"E"
"ZAF","QGDP","TOT","PC_CHGPP","A","1998",0.517366,"E"
"ZAF","QGDP","TOT","PC_CHGPP","A","1999",2.358125,"E"
"ZAF","QGDP","TOT","PC_CHGPP","A","2000",4.154555,"E"
"ZAF","QGDP","TOT","PC_CHGPP","A","2001",2.735464,"E"
"ZAF","QGDP","TOT","PC_CHGPP","A","2002",3.667827,"E"
"ZAF","QGDP","TOT","PC_CHGPP","A","2003",2.949078,"E"
"ZAF","QGDP","TOT","PC_CHGPP","A","2004",4.554542,"E"
"ZAF","QGDP","TOT","PC_CHGPP","A","2005",5.277117,"E"
"ZAF","QGDP","TOT","PC_CHGPP","A","2006",5.603678,"E"
"ZAF","QGDP","TOT","PC_CHGPP","A","2007",5.360465,"E"
"ZAF","QGDP","TOT","PC_CHGPP","A","2008",3.191052,"E"
"ZAF","QGDP","TOT","PC_CHGPP","A","2009",-1.538101,"E"
"ZAF","QGDP","TOT","PC_CHGPP","A","2010",3.039777,
"ZAF","QGDP","TOT","PC_CHGPP","A","2011",3.284167,
"ZAF","QGDP","TOT","PC_CHGPP","A","2012",2.213354,
"ZAF","QGDP","TOT","PC_CHGPP","A","2013",2.485199,
"ZAF","QGDP","TOT","PC_CHGPP","A","2014",1.846994,
"ZAF","QGDP","TOT","PC_CHGPP","A","2015",1.193736,
"ZAF","QGDP","TOT","PC_CHGPP","A","2016",0.399056,
"ZAF","QGDP","TOT","PC_CHGPP","A","2017",1.414581,
"DEU","QGDP","TOT","PC_CHGPP","A","1990",5.243653,"E"
"DEU","QGDP","TOT","PC_CHGPP","A","1991",5.116414,
"DEU","QGDP","TOT","PC_CHGPP","A","1992",1.924654,
"DEU","QGDP","TOT","PC_CHGPP","A","1993",-0.976019,
"DEU","QGDP","TOT","PC_CHGPP","A","1994",2.394662,
"DEU","QGDP","TOT","PC_CHGPP","A","1995",1.541464,
"DEU","QGDP","TOT","PC_CHGPP","A","1996",0.814412,
"DEU","QGDP","TOT","PC_CHGPP","A","1997",1.790157,
"DEU","QGDP","TOT","PC_CHGPP","A","1998",2.018984,
"DEU","QGDP","TOT","PC_CHGPP","A","1999",1.885677,
"DEU","QGDP","TOT","PC_CHGPP","A","2000",2.904437,
"DEU","QGDP","TOT","PC_CHGPP","A","2001",1.688729,
"DEU","QGDP","TOT","PC_CHGPP","A","2002",-0.201383,
"DEU","QGDP","TOT","PC_CHGPP","A","2003",-0.707727,
"DEU","QGDP","TOT","PC_CHGPP","A","2004",1.18697,
"DEU","QGDP","TOT","PC_CHGPP","A","2005",0.727696,
"DEU","QGDP","TOT","PC_CHGPP","A","2006",3.814478,
"DEU","QGDP","TOT","PC_CHGPP","A","2007",2.975644,
"DEU","QGDP","TOT","PC_CHGPP","A","2008",0.965021,
"DEU","QGDP","TOT","PC_CHGPP","A","2009",-5.694627,
"DEU","QGDP","TOT","PC_CHGPP","A","2010",4.184646,
"DEU","QGDP","TOT","PC_CHGPP","A","2011",3.91302,
"DEU","QGDP","TOT","PC_CHGPP","A","2012",0.42744,
"DEU","QGDP","TOT","PC_CHGPP","A","2013",0.430843,
"DEU","QGDP","TOT","PC_CHGPP","A","2014",2.217774,
"DEU","QGDP","TOT","PC_CHGPP","A","2015",1.742338,
"DEU","QGDP","TOT","PC_CHGPP","A","2016",2.229999,
"DEU","QGDP","TOT","PC_CHGPP","A","2017",2.46503,
"MEX","QGDP","TOT","PC_CHGPP","A","1990",5.175768,"E"
"MEX","QGDP","TOT","PC_CHGPP","A","1991",4.214755,"E"
"MEX","QGDP","TOT","PC_CHGPP","A","1992",3.541102,"E"
"MEX","QGDP","TOT","PC_CHGPP","A","1993",1.941156,
"MEX","QGDP","TOT","PC_CHGPP","A","1994",4.941081,
"MEX","QGDP","TOT","PC_CHGPP","A","1995",-6.291231,
"MEX","QGDP","TOT","PC_CHGPP","A","1996",6.773259,
"MEX","QGDP","TOT","PC_CHGPP","A","1997",6.846852,
"MEX","QGDP","TOT","PC_CHGPP","A","1998",5.163925,
"MEX","QGDP","TOT","PC_CHGPP","A","1999",2.753554,
"MEX","QGDP","TOT","PC_CHGPP","A","2000",4.942454,
"MEX","QGDP","TOT","PC_CHGPP","A","2001",-0.40439,
"MEX","QGDP","TOT","PC_CHGPP","A","2002",-0.039844,
"MEX","QGDP","TOT","PC_CHGPP","A","2003",1.446383,
"MEX","QGDP","TOT","PC_CHGPP","A","2004",3.920591,
"MEX","QGDP","TOT","PC_CHGPP","A","2005",2.307807,
"MEX","QGDP","TOT","PC_CHGPP","A","2006",4.495078,
"MEX","QGDP","TOT","PC_CHGPP","A","2007",2.291446,
"MEX","QGDP","TOT","PC_CHGPP","A","2008",1.143585,
"MEX","QGDP","TOT","PC_CHGPP","A","2009",-5.285744,
"MEX","QGDP","TOT","PC_CHGPP","A","2010",5.118118,
"MEX","QGDP","TOT","PC_CHGPP","A","2011",3.663008,
"MEX","QGDP","TOT","PC_CHGPP","A","2012",3.642323,
"MEX","QGDP","TOT","PC_CHGPP","A","2013",1.354092,
"MEX","QGDP","TOT","PC_CHGPP","A","2014",2.80434,
"MEX","QGDP","TOT","PC_CHGPP","A","2015",3.287992,
"MEX","QGDP","TOT","PC_CHGPP","A","2016",2.910546,"P"
"MEX","QGDP","TOT","PC_CHGPP","A","2017",2.117171,"P"
"SAU","QGDP","TOT","PC_CHGPP","A","2010",7.434442,"E"
"SAU","QGDP","TOT","PC_CHGPP","A","2011",9.996936,"E"
"SAU","QGDP","TOT","PC_CHGPP","A","2012",5.41148,"E"
"SAU","QGDP","TOT","PC_CHGPP","A","2013",2.699222,"E"
"SAU","QGDP","TOT","PC_CHGPP","A","2014",3.652406,"E"
"SAU","QGDP","TOT","PC_CHGPP","A","2015",4.106443,"E"
"SAU","QGDP","TOT","PC_CHGPP","A","2016",1.670611,"E"
"SAU","QGDP","TOT","PC_CHGPP","A","2017",-0.768739,"E"
"CHN","QGDP","TOT","PC_CHGPP","A","1992",14.2,
"CHN","QGDP","TOT","PC_CHGPP","A","1993",13.9,
"CHN","QGDP","TOT","PC_CHGPP","A","1994",13,
"CHN","QGDP","TOT","PC_CHGPP","A","1995",11,
"CHN","QGDP","TOT","PC_CHGPP","A","1996",9.9,
"CHN","QGDP","TOT","PC_CHGPP","A","1997",9.2,
"CHN","QGDP","TOT","PC_CHGPP","A","1998",7.8,
"CHN","QGDP","TOT","PC_CHGPP","A","1999",7.7,
"CHN","QGDP","TOT","PC_CHGPP","A","2000",8.5,
"CHN","QGDP","TOT","PC_CHGPP","A","2001",8.3,
"CHN","QGDP","TOT","PC_CHGPP","A","2002",9.1,
"CHN","QGDP","TOT","PC_CHGPP","A","2003",10,
"CHN","QGDP","TOT","PC_CHGPP","A","2004",10.1,
"CHN","QGDP","TOT","PC_CHGPP","A","2005",11.4,
"CHN","QGDP","TOT","PC_CHGPP","A","2006",12.7,
"CHN","QGDP","TOT","PC_CHGPP","A","2007",14.2,
"CHN","QGDP","TOT","PC_CHGPP","A","2008",9.7,
"CHN","QGDP","TOT","PC_CHGPP","A","2009",9.4,
"CHN","QGDP","TOT","PC_CHGPP","A","2010",10.6,
"CHN","QGDP","TOT","PC_CHGPP","A","2011",9.5,
"CHN","QGDP","TOT","PC_CHGPP","A","2012",7.9,
"CHN","QGDP","TOT","PC_CHGPP","A","2013",7.8,
"CHN","QGDP","TOT","PC_CHGPP","A","2014",7.3,
"CHN","QGDP","TOT","PC_CHGPP","A","2015",6.9,
"CHN","QGDP","TOT","PC_CHGPP","A","2016",6.7,
"CHN","QGDP","TOT","PC_CHGPP","A","2017",6.8,
"CAN","QGDP","TOT","PC_CHGPP","A","1990",0.163546,
"CAN","QGDP","TOT","PC_CHGPP","A","1991",-2.085818,
"CAN","QGDP","TOT","PC_CHGPP","A","1992",0.900554,
"CAN","QGDP","TOT","PC_CHGPP","A","1993",2.660821,
"CAN","QGDP","TOT","PC_CHGPP","A","1994",4.494612,
"CAN","QGDP","TOT","PC_CHGPP","A","1995",2.692016,
"CAN","QGDP","TOT","PC_CHGPP","A","1996",1.618928,
"CAN","QGDP","TOT","PC_CHGPP","A","1997",4.279595,
"CAN","QGDP","TOT","PC_CHGPP","A","1998",3.898181,
"CAN","QGDP","TOT","PC_CHGPP","A","1999",5.160943,
"CAN","QGDP","TOT","PC_CHGPP","A","2000",5.178799,
"CAN","QGDP","TOT","PC_CHGPP","A","2001",1.789074,
"CAN","QGDP","TOT","PC_CHGPP","A","2002",3.016854,
"CAN","QGDP","TOT","PC_CHGPP","A","2003",1.800895,
"CAN","QGDP","TOT","PC_CHGPP","A","2004",3.087288,
"CAN","QGDP","TOT","PC_CHGPP","A","2005",3.202909,
"CAN","QGDP","TOT","PC_CHGPP","A","2006",2.63458,
"CAN","QGDP","TOT","PC_CHGPP","A","2007",2.072783,
"CAN","QGDP","TOT","PC_CHGPP","A","2008",1.007623,
"CAN","QGDP","TOT","PC_CHGPP","A","2009",-2.9284,
"CAN","QGDP","TOT","PC_CHGPP","A","2010",3.089495,
"CAN","QGDP","TOT","PC_CHGPP","A","2011",3.146881,
"CAN","QGDP","TOT","PC_CHGPP","A","2012",1.762278,
"CAN","QGDP","TOT","PC_CHGPP","A","2013",2.330175,
"CAN","QGDP","TOT","PC_CHGPP","A","2014",2.868454,
"CAN","QGDP","TOT","PC_CHGPP","A","2015",0.689907,
"CAN","QGDP","TOT","PC_CHGPP","A","2016",1.107099,
"CAN","QGDP","TOT","PC_CHGPP","A","2017",2.978566,
"FRA","QGDP","TOT","PC_CHGPP","A","1990",2.923637,
"FRA","QGDP","TOT","PC_CHGPP","A","1991",1.048104,
"FRA","QGDP","TOT","PC_CHGPP","A","1992",1.599337,
"FRA","QGDP","TOT","PC_CHGPP","A","1993",-0.628796,
"FRA","QGDP","TOT","PC_CHGPP","A","1994",2.358271,
"FRA","QGDP","TOT","PC_CHGPP","A","1995",2.106434,
"FRA","QGDP","TOT","PC_CHGPP","A","1996",1.413122,
"FRA","QGDP","TOT","PC_CHGPP","A","1997",2.336172,
"FRA","QGDP","TOT","PC_CHGPP","A","1998",3.588298,
"FRA","QGDP","TOT","PC_CHGPP","A","1999",3.421744,
"FRA","QGDP","TOT","PC_CHGPP","A","2000",3.923332,
"FRA","QGDP","TOT","PC_CHGPP","A","2001",1.983785,
"FRA","QGDP","TOT","PC_CHGPP","A","2002",1.13559,
"FRA","QGDP","TOT","PC_CHGPP","A","2003",0.82327,
"FRA","QGDP","TOT","PC_CHGPP","A","2004",2.829759,
"FRA","QGDP","TOT","PC_CHGPP","A","2005",1.663275,
"FRA","QGDP","TOT","PC_CHGPP","A","2006",2.44963,
"FRA","QGDP","TOT","PC_CHGPP","A","2007",2.42488,
"FRA","QGDP","TOT","PC_CHGPP","A","2008",0.254753,
"FRA","QGDP","TOT","PC_CHGPP","A","2009",-2.873263,
"FRA","QGDP","TOT","PC_CHGPP","A","2010",1.949237,
"FRA","QGDP","TOT","PC_CHGPP","A","2011",2.192508,
"FRA","QGDP","TOT","PC_CHGPP","A","2012",0.313467,
"FRA","QGDP","TOT","PC_CHGPP","A","2013",0.576232,
"FRA","QGDP","TOT","PC_CHGPP","A","2014",0.956183,
"FRA","QGDP","TOT","PC_CHGPP","A","2015",1.113005,
"FRA","QGDP","TOT","PC_CHGPP","A","2016",1.095463,
"FRA","QGDP","TOT","PC_CHGPP","A","2017",2.260201,
"RUS","QGDP","TOT","PC_CHGPP","A","2004",7.17595,"E"
"RUS","QGDP","TOT","PC_CHGPP","A","2005",6.376187,"E"
"RUS","QGDP","TOT","PC_CHGPP","A","2006",8.153432,"E"
"RUS","QGDP","TOT","PC_CHGPP","A","2007",8.53508,"E"
"RUS","QGDP","TOT","PC_CHGPP","A","2008",5.247953,"E"
"RUS","QGDP","TOT","PC_CHGPP","A","2009",-7.820885,"E"
"RUS","QGDP","TOT","PC_CHGPP","A","2010",4.503726,"E"
"RUS","QGDP","TOT","PC_CHGPP","A","2011",3.135767,
"RUS","QGDP","TOT","PC_CHGPP","A","2012",3.655902,
"RUS","QGDP","TOT","PC_CHGPP","A","2013",1.785355,
"RUS","QGDP","TOT","PC_CHGPP","A","2014",0.738601,
"RUS","QGDP","TOT","PC_CHGPP","A","2015",-2.307707,
"RUS","QGDP","TOT","PC_CHGPP","A","2016",0.329281,
"RUS","QGDP","TOT","PC_CHGPP","A","2017",1.630186,
"BRA","QGDP","TOT","PC_CHGPP","A","1997",3.394846,
"BRA","QGDP","TOT","PC_CHGPP","A","1998",0.338098,
"BRA","QGDP","TOT","PC_CHGPP","A","1999",0.467938,
"BRA","QGDP","TOT","PC_CHGPP","A","2000",4.387949,
"BRA","QGDP","TOT","PC_CHGPP","A","2001",1.389896,
"BRA","QGDP","TOT","PC_CHGPP","A","2002",3.053462,
"BRA","QGDP","TOT","PC_CHGPP","A","2003",1.140829,
"BRA","QGDP","TOT","PC_CHGPP","A","2004",5.759965,
"BRA","QGDP","TOT","PC_CHGPP","A","2005",3.202131,
"BRA","QGDP","TOT","PC_CHGPP","A","2006",3.961989,
"BRA","QGDP","TOT","PC_CHGPP","A","2007",6.069871,
"BRA","QGDP","TOT","PC_CHGPP","A","2008",5.094195,
"BRA","QGDP","TOT","PC_CHGPP","A","2009",-0.125812,
"BRA","QGDP","TOT","PC_CHGPP","A","2010",7.528226,
"BRA","QGDP","TOT","PC_CHGPP","A","2011",3.974423,
"BRA","QGDP","TOT","PC_CHGPP","A","2012",1.921176,
"BRA","QGDP","TOT","PC_CHGPP","A","2013",3.004823,
"BRA","QGDP","TOT","PC_CHGPP","A","2014",0.503956,
"BRA","QGDP","TOT","PC_CHGPP","A","2015",-3.545763,
"BRA","QGDP","TOT","PC_CHGPP","A","2016",-3.305454,
"BRA","QGDP","TOT","PC_CHGPP","A","2017",1.063861,
"ITA","QGDP","TOT","PC_CHGPP","A","1990",2.052581,"E"
"ITA","QGDP","TOT","PC_CHGPP","A","1991",1.533734,"E"
"ITA","QGDP","TOT","PC_CHGPP","A","1992",0.834275,"E"
"ITA","QGDP","TOT","PC_CHGPP","A","1993",-0.852806,"E"
"ITA","QGDP","TOT","PC_CHGPP","A","1994",2.151024,"E"
"ITA","QGDP","TOT","PC_CHGPP","A","1995",2.886837,"E"
"ITA","QGDP","TOT","PC_CHGPP","A","1996",1.134685,
"ITA","QGDP","TOT","PC_CHGPP","A","1997",1.830116,
"ITA","QGDP","TOT","PC_CHGPP","A","1998",1.810561,
"ITA","QGDP","TOT","PC_CHGPP","A","1999",1.625594,
"ITA","QGDP","TOT","PC_CHGPP","A","2000",3.786816,
"ITA","QGDP","TOT","PC_CHGPP","A","2001",1.95133,
"ITA","QGDP","TOT","PC_CHGPP","A","2002",0.25387,
"ITA","QGDP","TOT","PC_CHGPP","A","2003",0.138602,
"ITA","QGDP","TOT","PC_CHGPP","A","2004",1.423524,
"ITA","QGDP","TOT","PC_CHGPP","A","2005",0.817779,
"ITA","QGDP","TOT","PC_CHGPP","A","2006",1.79064,
"ITA","QGDP","TOT","PC_CHGPP","A","2007",1.486984,
"ITA","QGDP","TOT","PC_CHGPP","A","2008",-0.962086,
"ITA","QGDP","TOT","PC_CHGPP","A","2009",-5.280969,
"ITA","QGDP","TOT","PC_CHGPP","A","2010",1.713241,
"ITA","QGDP","TOT","PC_CHGPP","A","2011",0.707255,
"ITA","QGDP","TOT","PC_CHGPP","A","2012",-2.980966,
"ITA","QGDP","TOT","PC_CHGPP","A","2013",-1.841246,
"ITA","QGDP","TOT","PC_CHGPP","A","2014",-0.004548,
"ITA","QGDP","TOT","PC_CHGPP","A","2015",0.778237,
"ITA","QGDP","TOT","PC_CHGPP","A","2016",1.279623,
"ITA","QGDP","TOT","PC_CHGPP","A","2017",1.716049,
